[{"id":"user-image-default-logo.png","publicUrl":"np://user.desktop.nicepage.com/Site_300238240/images/default-logo.png","size":1804,"hash":"pVWyp9ScwghJ0IJ/x/tR7o2JZVo=","fileName":"default-logo.png","name":"default-logo","width":80,"height":40,"thumbnail":{"url":"np://user.desktop.nicepage.com/Site_300238240/images/thumbnails/default-logo.png","width":80,"height":40,"length":1804,"type":"png"},"folderId":null,"originalUrl":"//capp.nicepage.com/images/default-logo.png","usages":[]},{"id":"user-image-ertttt.jpg","publicUrl":"np://user.desktop.nicepage.com/Site_300238240/images/ertttt.jpg","size":177412,"hash":"zFzISvRUUWfHAe1JRSjmtG6yYFo=","fileName":"ertttt.jpg","name":"ertttt","width":1200,"height":800,"thumbnail":{"url":"np://user.desktop.nicepage.com/Site_300238240/images/thumbnails/ertttt.jpg","width":250,"height":167},"folderId":null,"originalUrl":"//images01.nicepagecdn.com/c461c07a441a5d220e8feb1a/924f8ac779f55e8481f64d36/ertttt.jpg","usages":["1671207745"]},{"id":"user-image-ty.jpg","publicUrl":"np://user.desktop.nicepage.com/Site_300238240/images/ty.jpg","size":287242,"hash":"vubY2s2AdXp8ojONGH4AOdtqxw8=","fileName":"ty.jpg","name":"ty","width":1200,"height":937,"thumbnail":{"url":"np://user.desktop.nicepage.com/Site_300238240/images/thumbnails/ty.jpg","width":250,"height":195},"folderId":null,"originalUrl":"//images01.nicepagecdn.com/c461c07a441a5d220e8feb1a/b2435056a4c554699d0b54a6/ty.jpg","usages":["1671207745"]},{"id":"user-image-close-up-male-judge-giving-verdict-by-hitting-gavel-desk_23-2147898635.jpg","publicUrl":"np://user.desktop.nicepage.com/Site_300238240/images/close-up-male-judge-giving-verdict-by-hitting-gavel-desk_23-2147898635.jpg","size":180181,"hash":"EaQb18m1UeixBRThLWjOD+M2K4g=","fileName":"close-up-male-judge-giving-verdict-by-hitting-gavel-desk_23-2147898635.jpg","name":"close-up-male-judge-giving-verdict-by-hitting-gavel-desk_23-2147898635","width":626,"height":937,"thumbnail":{"url":"np://user.desktop.nicepage.com/Site_300238240/images/thumbnails/close-up-male-judge-giving-verdict-by-hitting-gavel-desk_23-2147898635.jpg","width":167,"height":250},"folderId":null,"originalUrl":"//images01.nicepagecdn.com/c461c07a441a5d220e8feb1a/7602e79376415cd88553688f/close-up-male-judge-giving-verdict-by-hitting-gavel-desk_23-2147898635.jpg","usages":["1671207745"]},{"id":"user-image-rer.jpg","publicUrl":"np://user.desktop.nicepage.com/Site_300238240/images/rer.jpg","size":235314,"hash":"dswfTMUjw78YK36NDEgjld3ObpU=","fileName":"rer.jpg","name":"rer","width":1200,"height":800,"thumbnail":{"url":"np://user.desktop.nicepage.com/Site_300238240/images/thumbnails/rer.jpg","width":250,"height":167},"folderId":null,"originalUrl":"//images01.nicepagecdn.com/c461c07a441a5d220e8feb1a/4e94eca4bde25744958a6bde/rer.jpg","usages":["1671207745"]}]