[{"id":77391312,"title":"Blog Template","order":1,"templateKey":"blog","customTemplate":false,"customTemplateFilename":null,"pageLinks":[],"dateCreated":"2024-02-07T13:46:21.611Z","dateUpdated":"2024-02-07T13:46:25.167Z","folderId":null,"pageName":"Blog Template","serverPageId":null,"sectionCount":1,"status":2,"backwardUrl":null},{"id":8869390,"title":"Post Template","order":2,"templateKey":"post","customTemplate":false,"customTemplateFilename":null,"pageLinks":[],"dateCreated":"2024-02-07T13:46:21.934Z","dateUpdated":"2024-02-07T13:46:25.167Z","folderId":null,"pageName":"Post Template","serverPageId":null,"sectionCount":1,"status":2,"backwardUrl":null},{"id":477518690,"title":"Product List Template","order":3,"templateKey":"products","customTemplate":false,"customTemplateFilename":null,"pageLinks":[],"dateCreated":"2024-02-07T13:46:22.259Z","dateUpdated":"2024-02-07T13:46:25.167Z","folderId":null,"pageName":"Product List Template","serverPageId":null,"sectionCount":1,"status":2,"backwardUrl":null},{"id":818605210,"title":"Product Details Template","order":4,"templateKey":"product","customTemplate":false,"customTemplateFilename":null,"pageLinks":[],"dateCreated":"2024-02-07T13:46:22.662Z","dateUpdated":"2024-02-07T13:46:25.168Z","folderId":null,"pageName":"Product Details Template","serverPageId":null,"sectionCount":1,"status":2,"backwardUrl":null},{"id":96421224,"title":"Shopping Cart Template","order":5,"templateKey":"cart","customTemplate":false,"customTemplateFilename":null,"pageLinks":[],"dateCreated":"2024-02-07T13:46:22.972Z","dateUpdated":"2024-02-07T13:46:25.168Z","folderId":null,"pageName":"Shopping Cart Template","serverPageId":null,"sectionCount":1,"status":2,"backwardUrl":null},{"id":308327083,"title":"Checkout Template","order":6,"templateKey":"checkout","customTemplate":false,"customTemplateFilename":null,"pageLinks":[],"dateCreated":"2024-02-07T13:46:23.546Z","dateUpdated":"2024-02-07T13:46:25.168Z","folderId":null,"pageName":"Checkout Template","serverPageId":null,"sectionCount":1,"status":2,"backwardUrl":null},{"id":64660867,"title":"Login Template","order":7,"templateKey":"login","customTemplate":false,"customTemplateFilename":null,"pageLinks":[],"dateCreated":"2024-02-07T13:46:23.810Z","dateUpdated":"2024-02-07T13:46:25.169Z","folderId":null,"pageName":"Login Template","serverPageId":null,"sectionCount":1,"status":2,"backwardUrl":null},{"id":301746254,"title":"Page Password Template","order":8,"templateKey":"password","customTemplate":false,"customTemplateFilename":null,"pageLinks":[],"dateCreated":"2024-02-07T13:46:23.997Z","dateUpdated":"2024-02-07T13:46:25.169Z","folderId":null,"pageName":"Page Password Template","serverPageId":null,"sectionCount":1,"status":2,"backwardUrl":null},{"id":38470797,"title":"404 Not Found Template","order":9,"templateKey":"404","customTemplate":false,"customTemplateFilename":null,"pageLinks":[],"dateCreated":"2024-02-07T13:46:24.170Z","dateUpdated":"2024-02-07T13:46:25.169Z","folderId":null,"pageName":"404 Not Found Template","serverPageId":null,"sectionCount":1,"status":2,"backwardUrl":null},{"id":119606846,"title":"Thank You Page Template","order":10,"templateKey":"ThankYou","customTemplate":false,"customTemplateFilename":null,"pageLinks":[],"dateCreated":"2024-02-07T13:46:24.328Z","dateUpdated":"2024-02-07T13:46:25.169Z","folderId":null,"pageName":"Thank You Page Template","serverPageId":null,"sectionCount":1,"status":2,"backwardUrl":null},{"id":1671207745,"title":"Home","order":50,"templateKey":null,"customTemplate":false,"customTemplateFilename":null,"pageLinks":[],"dateCreated":"2024-02-07T13:48:48.985Z","dateUpdated":"2024-02-07T13:51:12.763Z","folderId":null,"pageName":"Home_1671207745","serverPageId":null,"sectionCount":7,"status":2,"backwardUrl":null},{"id":19116471,"title":"About","order":100,"templateKey":null,"customTemplate":false,"customTemplateFilename":null,"pageLinks":[],"dateCreated":"2024-02-07T13:46:24.441Z","dateUpdated":"2024-02-07T13:46:25.169Z","folderId":null,"pageName":"About_19116471","serverPageId":null,"sectionCount":1,"status":2,"backwardUrl":null},{"id":116090494,"title":"Contact","order":101,"templateKey":null,"customTemplate":false,"customTemplateFilename":null,"pageLinks":[],"dateCreated":"2024-02-07T13:46:24.542Z","dateUpdated":"2024-02-07T13:46:25.169Z","folderId":null,"pageName":"Contact_116090494","serverPageId":null,"sectionCount":1,"status":2,"backwardUrl":null}]